Workbook

Sheet Лист1
A1: Vanilla guns - Name of 1st gun - Van | B1: Class | C1: hull_damage | D1: energy_damage | E1: power_usage | G1: Vanilla guns - Name of 1st gun - New Balance | H1: hull_damage | I1: energy_damage | J1: power_usage | L1: 10 class | M1: hull_damage | N1: energy_damage | O1: power_usage
A2: ;fc_j_gun01, 2, 30.6 - 0 - 9.18 | B2: 2 | C2: 30.6 | D2: 0 | E2: 9.18 | F2: 1 | G2: ;fc_j_gun01, 2, 30.6 - 0 - 9.18 | H2: =C2/H40 -> 20 | I2: 0 | J2: =E2/$I$40 -> 7.344 | L2: special_gun01 | M2: 1075.8 | N2: 0 | O2: 268.95
A3: ;fc_lr_gun01, 1, 19.6 - 0 - 6.11 | B3: 1 | C3: 19.6 | D3: 0 | E3: 6.11 | F3: 2 | G3: ;fc_lr_gun01, 1, 19.6 - 0 - 6.11 | H3: =C3 -> 19.6 | I3: 0 | J3: =E3/$I$40 -> 4.888 | L3: special_gun02 | M3: 880.2 | N3: 0 | O3: 220.05
A4: ;fc_ou_gun01, 1, 126.4 - 0 - 31.6 | B4: 1 | C4: 126.4 | D4: 0 | E4: 31.6 | F4: 3 | G4: ;fc_ou_gun01, 1, 126.4 - 0 - 31.6 | H4: =C4 -> 126.4 | I4: 0 | J4: =E4/$I$40 -> 25.28 | L4: special_gun03 | M4: 652 | N4: 0 | O4: 163
A5: ;fc_ou_gun02, 5, 113.8 - 0 - 23.7 | B5: 5 | C5: 113.8 | D5: 0 | E5: 23.7 | F5: 4 | G5: ;fc_ou_gun02, 5, 113.8 - 0 - 23.7 | H5: =C5/$H$43 -> 37.592268 | I5: 0 | J5: =E5/$I$43 -> 9.5912278 | L5: special_gun04 | M5: 1173.6 | N5: 0 | O5: 293.4
A6: ;fc_c_gun01, 5, 121.2 - 0 - 24.24 | B6: 5 | C6: 121.2 | D6: 0 | E6: 24.24 | F6: 5 | G6: ;fc_c_gun01, 5, 121.2 - 0 - 24.24 | H6: =C6/$H$43 -> 40.036756 | I6: 0 | J6: =E6/$I$43 -> 9.8097621 | L6: special_gun05 | M6: 880.2 | N6: 0 | O6: 220.05
A7: ;fc_c_gun02, 5, 10.1 - 303 - 24.24 | B7: 5 | C7: 10.1 | D7: 303 | E7: 24.24 | F7: 6 | G7: ;fc_c_gun02, 5, 10.1 - 303 - 24.24 | H7: =C7/$H$43 -> 3.3363963 | I7: =D7/H43 -> 100.09189 | J7: =E7/$I$43 -> 9.8097621 | L7: special_gun06 | M7: 717.2 | N7: 0 | O7: 179.3
A8: ;fc_or_gun01, 5, 40.4 - 0 - 12.62 | B8: 5 | C8: 40.4 | D8: 0 | E8: 12.62 | F8: 7 | G8: ;fc_or_gun01, 5, 40.4 - 0 - 12.62 | H8: =C8/$H$43 -> 13.345585 | I8: 0 | J8: =E8/$I$43 -> 5.1072276 | L8: special_gun07 | M8: 782.4 | N8: 0 | O8: 195.6
A9: ;fc_or_gun02, 5, 101 - 0 - 20.2 | B9: 5 | C9: 101 | D9: 0 | E9: 20.2 | F9: 8 | G9: ;fc_or_gun02, 5, 101 - 0 - 20.2 | H9: =C9/$H$43 -> 33.363963 | I9: 0 | J9: =E9/$I$43 -> 8.1748018 | L9: special_gun08 | M9: 1075.8 | N9: 0 | O9: 244.5
A10: ;gd_gm_gun01, 6, 79.1 - 0 - 19.76 | B10: 6 | C10: 79.1 | D10: 0 | E10: 19.76 | F10: 9 | G10: ;gd_gm_gun01, 6, 79.1 - 0 - 19.76 | H10: =C10/$H$44 -> 20.099692 | I10: 0 | J10: =E10/$I$44 -> 6.1277676 | L10: special_gun09 | M10: 978 | N10: 0 | O10: 268.95
A11: ;gd_im_gun01, 3, 49.8 - 0 - 14.94 | B11: 3 | C11: 49.8 | D11: 0 | E11: 14.94 | F11: 10 | G11: ;gd_im_gun01, 3, 49.8 - 0 - 14.94 | H11: =C11/$H$41 -> 26.679524 | I11: 0 | J11: =E11/$I$41 -> 9.804758 | L11: special_gun10 | M11: 1075.8 | N11: 0 | O11: 220.05
A12: ;gd_bh_gun01, 2, 20.4 - 0 - 7.65 | B12: 2 | C12: 20.4 | D12: 0 | E12: 7.65 | F12: 11 | G12: ;gd_bh_gun01, 2, 20.4 - 0 - 7.65 | H12: =C12/$H$40 -> 13.333333 | I12: 0 | J12: =E12/$I$40 -> 6.12 | L12: special_gun11 | M12: 880.2 | N12: 0 | O12: 244.5
A13: ;gd_bh_gun02, 2, 49 - 0 - 15.3 | B13: 2 | C13: 49 | D13: 0 | E13: 15.3 | F13: 12 | G13: ;gd_bh_gun02, 2, 49 - 0 - 15.3 | H13: =C13/$H$40 -> 32.026144 | I13: 0 | J13: =E13/$I$40 -> 12.24 | L13: special_gun12 | M13: 586.8 | N13: 0 | O13: 146.7
A14: ;fc_rh_gun01, 5, 53.9 - 0 - 16.83 | B14: 5 | C14: 53.9 | D14: 0 | E14: 16.83 | F14: 13 | G14: ;fc_rh_gun01, 5, 53.9 - 0 - 16.83 | H14: =C14/$H$43 -> 17.805125 | I14: 0 | J14: =E14/$I$40 -> 13.464 | L14: special_gun13 | M14: 1075.8 | N14: 0 | O14: 268.95
A15: ;fc_bd_gun01, 5, 40.4 - 0 - 12.62 | B15: 5 | C15: 40.4 | D15: 0 | E15: 12.62 | F15: 14 | G15: ;fc_bd_gun01, 5, 40.4 - 0 - 12.62 | H15: =C15/$H$43 -> 13.345585 | I15: 0 | J15: =E15/$I$43 -> 5.1072276 | L15: special_gun14 | M15: 1173.6 | N15: 0 | O15: 293.4
A16: ;fc_b_gun01, 6, 210.8 - 0 - 52.7 | B16: 6 | C16: 210.8 | D16: 0 | E16: 52.7 | F16: 15 | G16: ;fc_b_gun01, 6, 210.8 - 0 - 52.7 | H16: =C16/$H$45 -> 40.57977 | I16: 0 | J16: =E16/$I$44 -> 16.342781 | L16: special_gun15 | M16: 978 | N16: 0 | O16: 268.95
A17: ;gd_z_gun01, 3, 41.5 - 0 - 12.45 | B17: 3 | C17: 41.5 | D17: 0 | E17: 12.45 | F17: 16 | G17: ;gd_z_gun01, 3, 41.5 - 0 - 12.45 | H17: =C17/$H$41 -> 22.232937 | I17: 0 | J17: =E17/$I$41 -> 8.1706317
A18: ;fc_lh_gun01, 4, 79 - 0 - 23.7 | B18: 4 | C18: 79 | D18: 0 | E18: 23.7 | F18: 17 | G18: ;fc_lh_gun01, 4, 79 - 0 - 23.7 | H18: =C18/$H$42 -> 33.351411 | I18: 0 | J18: =E18/$I$42 -> 12.247998 | L18: special_nomad_gun01 | M18: 847.6 | N18: 0 | O18: 0
A19: ;fc_h_gun01, 6, 158.1 - 0 - 32.94 | B19: 6 | C19: 158.1 | D19: 0 | E19: 32.94 | F19: 18 | G19: ;fc_h_gun01, 6, 158.1 - 0 - 32.94 | H19: =C19/$H$45 -> 30.434828 | I19: 0 | J19: =E19/$I$44 -> 10.215013 | L19: special_nomad_gun02 | M19: 302 | N19: 0 | O19: 0
A20: ;fc_m_gun01, 5, 101 - 0 - 20.2 | B20: 5 | C20: 101 | D20: 0 | E20: 20.2 | F20: 19 | G20: ;fc_m_gun01, 5, 101 - 0 - 20.2 | H20: =C20/$H$43 -> 33.363963 | I20: 0 | J20: =E20/$I$43 -> 8.1748018
A21: ;fc_g_gun01, 3, 41.5 - 0 - 9.96 | B21: 3 | C21: 41.5 | D21: 0 | E21: 9.96 | F21: 20 | G21: ;fc_g_gun01, 3, 41.5 - 0 - 9.96 | H21: =C21/$H$41 -> 22.232937 | I21: 0 | J21: =E21/$I$40 -> 7.968
A22: ;fc_u_gun01, 4, 79 - 0 - 15.8 | B22: 4 | C22: 79 | D22: 0 | E22: 15.8 | F22: 21 | G22: ;fc_u_gun01, 4, 79 - 0 - 15.8 | H22: =C22/$H$42 -> 33.351411 | I22: 0 | J22: =E22/$I$42 -> 8.165332
A23: ;fc_gc_gun01, 4, 52.7 - 0 - 15.8 | B23: 4 | C23: 52.7 | D23: 0 | E23: 15.8 | F23: 22 | G23: ;fc_gc_gun01, 4, 52.7 - 0 - 15.8 | H23: =C23/$H$42 -> 22.248346 | I23: 0 | J23: =E23/$I$42 -> 8.165332
A24: ;fc_lwb_gun01, 5, 134.7 - 0 - 32.32 | B24: 5 | C24: 134.7 | D24: 0 | E24: 32.32 | F24: 23 | G24: ;fc_lwb_gun01, 5, 134.7 - 0 - 32.32 | H24: =C24/$H$43 -> 44.496296 | I24: 0 | J24: =E24/$I$43 -> 13.079683 | L24: 6 class | M24: hull_damage | N24: energy_damage | O24: power_usage
A25: ;fc_fa_gun01, 4, 126.4 - 0 - 21.07 | B25: 4 | C25: 126.4 | D25: 0 | E25: 21.07 | F25: 24 | G25: ;fc_fa_gun01, 4, 126.4 - 0 - 21.07 | H25: =C25/$H$42 -> 53.362257 | I25: 0 | J25: =E25/$I$42 -> 10.888832 | L25: special_gun01 | M25: =M2*($H$44/$H$48) -> 282.24572 | N25: =N2*($H$44/$H$48) -> 0 | O25: =O2*($H$44/$H$48) -> 70.561431 | P25: 1
A26: ;fc_x_gun01, 2, 73.4 - 0 - 15.3 | B26: 2 | C26: 73.4 | D26: 0 | E26: 15.3 | F26: 25 | G26: ;fc_x_gun01, 2, 73.4 - 0 - 15.3 | H26: =C26/$H$43 -> 24.246682 | I26: 0 | J26: =E26/$I$40 -> 12.24 | L26: special_gun02 | M26: =M3*($H$44/$H$48) -> 230.92832 | N26: =N3*($H$44/$H$48) -> 0 | O26: =O3*($H$44/$H$48) -> 57.73208 | P26: 2
A27: ;li_gun01, 1, 16.3 - 0 - 5.09 | B27: 1 | C27: 16.3 | D27: 0 | E27: 5.09 | F27: 26 | G27: ;li_gun01, 1, 16.3 - 0 - 5.09 | H27: =C27 -> 16.3 | I27: 0 | J27: =E27/$I$39 -> 5.09 | L27: special_gun03 | M27: =M4*($H$44/$H$48) -> 171.05801 | N27: =N4*($H$44/$H$48) -> 0 | O27: =O4*($H$44/$H$48) -> 42.764504 | P27: 3
A28: ;li_gun02, 1, 97.8 - 0 - 20.38 | B28: 1 | C28: 97.8 | D28: 0 | E28: 20.38 | F28: 27 | G28: ;li_gun02, 1, 97.8 - 0 - 20.38 | H28: =C28 -> 97.8 | I28: 0 | J28: =E28/$I$39 -> 20.38 | L28: special_gun04 | M28: =M5*($H$44/$H$48) -> 307.90443 | N28: =N5*($H$44/$H$48) -> 0 | O28: =O5*($H$44/$H$48) -> 76.976106 | P28: 4
A29: ;br_gun01, 4, 79 - 0 - 23.7 | B29: 4 | C29: 79 | D29: 0 | E29: 23.7 | F29: 28 | G29: ;br_gun01, 4, 79 - 0 - 23.7 | H29: =C29/$H$40 -> 51.633987 | I29: 0 | J29: =E29/$I$42 -> 12.247998 | L29: special_gun05 | M29: =M6*($H$44/$H$48) -> 230.92832 | N29: =N6*($H$44/$H$48) -> 0 | O29: =O6*($H$44/$H$48) -> 57.73208 | P29: 5
A30: ;br_gun02, 4, 94.8 - 0 - 23.7 | B30: 4 | C30: 94.8 | D30: 0 | E30: 23.7 | F30: 29 | G30: ;br_gun02, 4, 94.8 - 0 - 23.7 | H30: =C30/$H$40 -> 61.960784 | I30: 0 | J30: =E30/$I$42 -> 12.247998 | L30: special_gun06 | M30: =M7*($H$44/$H$48) -> 188.16382 | N30: =N7*($H$44/$H$48) -> 0 | O30: =O7*($H$44/$H$48) -> 47.040954 | P30: 6
A31: ;ku_gun01, 5, 101 - 0 - 20.2 | B31: 5 | C31: 101 | D31: 0 | E31: 20.2 | F31: 30 | G31: ;ku_gun01, 5, 101 - 0 - 20.2 | H31: =C31/$H$40 -> 66.013072 | I31: 0 | J31: =E31/$I$43 -> 8.1748018 | L31: special_gun07 | M31: =M8*($H$44/$H$48) -> 205.26962 | N31: =N8*($H$44/$H$48) -> 0 | O31: =O8*($H$44/$H$48) -> 51.317404 | P31: 7
A32: ;ku_gun02, 5, 50.5 - 0 - 15.15 | B32: 5 | C32: 50.5 | D32: 0 | E32: 15.15 | F32: 31 | G32: ;ku_gun02, 5, 50.5 - 0 - 15.15 | H32: =C32/$H$43 -> 16.681982 | I32: 0 | J32: =E32/$I$43 -> 6.1311013 | L32: special_gun08 | M32: =M9*($H$44/$H$48) -> 282.24572 | N32: =N9*($H$44/$H$48) -> 0 | O32: =O9*($H$44/$H$48) -> 64.146755 | P32: 8
A33: ;rh_gun01, 6, 70.3 - 0 - 26.35 | B33: 6 | C33: 70.3 | D33: 0 | E33: 26.35 | F33: 32 | G33: ;rh_gun01, 6, 70.3 - 0 - 26.35 | H33: =C33/$H$45 -> 13.533007 | I33: 0 | J33: =E33/$I$44 -> 8.1713906 | L33: special_gun09 | M33: =M10*($H$44/$H$48) -> 256.58702 | N33: =N10*($H$44/$H$48) -> 0 | O33: =O10*($H$44/$H$48) -> 70.561431 | P33: 9
A34: ;rh_gun02, 6, 316.2 - 0 - 65.88 | B34: 6 | C34: 316.2 | D34: 0 | E34: 65.88 | F34: 33 | G34: ;rh_gun02, 6, 316.2 - 0 - 65.88 | H34: =C34/$H$45 -> 60.869656 | I34: 0 | J34: =E34/$I$44 -> 20.430027 | L34: special_gun10 | M34: =M11*($H$44/$H$48) -> 282.24572 | N34: =N11*($H$44/$H$48) -> 0 | O34: =O11*($H$44/$H$48) -> 57.73208 | P34: 10
A35: ;co_gun01, 1, 14.7 - 0 - 4.58 | B35: 1 | C35: 14.7 | D35: 0 | E35: 4.58 | F35: 34 | G35: ;co_gun01, 1, 14.7 - 0 - 4.58 | H35: =C35 -> 14.7 | I35: 0 | J35: =E35/$I$39 -> 4.58 | L35: special_gun11 | M35: =M12*($H$44/$H$48) -> 230.92832 | N35: =N12*($H$44/$H$48) -> 0 | O35: =O12*($H$44/$H$48) -> 64.146755 | P35: 11
A36: ;co_gun02, 2, 4.6 - 153 - 9.18 | B36: 2 | C36: 14.7 | D36: 153 | E36: 9.18 | F36: 35 | G36: ;co_gun02, 2, 4.6 - 153 - 9.18 | H36: =C36/$H$40 -> 9.6078431 | I36: =D36/H40 -> 100 | J36: =E36/$I$40 -> 7.344 | L36: special_gun12 | M36: =M13*($H$44/$H$48) -> 153.95221 | N36: =N13*($H$44/$H$48) -> 0 | O36: =O13*($H$44/$H$48) -> 38.488053 | P36: 12
L37: special_gun13 | M37: =M14*($H$44/$H$48) -> 282.24572 | N37: =N14*($H$44/$H$48) -> 0 | O37: =O14*($H$44/$H$48) -> 70.561431 | P37: 13
A38: Coefficients: | G38: Multipliers | I38: power_usage | L38: special_gun14 | M38: =M15*($H$44/$H$48) -> 307.90443 | N38: =N15*($H$44/$H$48) -> 0 | O38: =O15*($H$44/$H$48) -> 76.976106 | P38: 14
A39: Relate one for prevoius | B39: 1 | C39: 1 | D39: Same as Hull dmg | E39: 1 | G39: =C39 -> 1 | H39: =1 -> 1 | I39: =1 -> 1 | L39: special_gun15 | M39: =M16*($H$44/$H$48) -> 256.58702 | N39: =N16*($H$44/$H$48) -> 0 | O39: =O16*($H$44/$H$48) -> 70.561431 | P39: 15
A40: Следующий относ-но предыдущего | B40: 2 | C40: 1.53 | E40: 1.25 | G40: =C40*C39 -> 1.53 | H40: =C40 -> 1.53 | I40: =E40 -> 1.25
B41: 3 | C41: 1.22 | E41: 1.219 | G41: =C41*G40 -> 1.8666 | H41: =C40*C41 -> 1.8666 | I41: =E40*E41 -> 1.52375 | L41: special_nomad_gun01 | M41: =M18*($H$44/$H$48) -> 222.37542 | N41: =N18*($H$44/$H$48) -> 0 | O41: =O18*($H$44/$H$48) -> 0
B42: 4 | C42: 1.269 | E42: 1.2699 | G42: =C42*G41 -> 2.3687154 | H42: =C40*C41*C42 -> 2.3687154 | I42: =E40*E41*E42 -> 1.9350101 | L42: special_nomad_gun02 | M42: =M19*($H$44/$H$48) -> 79.232393 | N42: =N19*($H$44/$H$48) -> 0 | O42: =O19*($H$44/$H$48) -> 0
B43: 5 | C43: 1.278 | E43: 1.277 | G43: =C43*G42 -> 3.0272183 | H43: =C43*C42*C41*C40 -> 3.0272183 | I43: =E43*E42*E41*E40 -> 2.4710079 | L43: special_nomad_gun03 | M43: 302 | N43: 0 | O43: 0
B44: 6 | C44: 1.3 | E44: 1.305 | G44: =C44*G43 -> 3.9353838 | H44: =C44*C43*C42*C41*C40 -> 3.9353838 | I44: =E44*E43*E42*E41*E40 -> 3.2246653 | L44: 3 class
B45: 7 | C45: 1.32 | G45: =C45*G44 -> 5.1947066 | H45: =C45*C44*C43*C42*C41*C40*C39 -> 5.1947066 | I45: =E45*E44*E43*E42*E41*E40*E39 -> 0 | L45: special_nomad_gun03 | M45: =M43*($H$41/$H$44) -> 143.24224
B46: 8 | C46: 1.52 | G46: =C46*G45 -> 7.895954 | H46: =C46*C45*C44*C43*C42*C41*C40*C39 -> 7.895954 | I46: =E46*E45*E44*E43*E42*E41*E40*E39 -> 0
B47: 9 | C47: 1.53786 | G47: =C47*G46 -> 12.142872 | H47: =C47*C46*C45*C44*C42*C43*C41*C40*C39 -> 12.142872 | I47: =E47*E46*E45*E44*E42*E43*E41*E40*E39 -> 0
B48: 10 | C48: 1.56 | G48: =C48*G47 -> 18.94288 | H48: 15
B49: _mark02 | C49: hull_damage | D49: energy_damage | E49: power_usage | G49: _mark03 | H49: hull_damage | I49: energy_damage | J49: power_usage
A50: ;fc_j_gun01, 2, 30.6 - 0 - 9.18 | C50: =$H2*$H$40 -> 30.6 | D50: =$I2*$H$40 -> 0 | E50: =$J2*$I$40 -> 9.18 | F50: 1 | G50: ;fc_j_gun01, 2, 30.6 - 0 - 9.18 | H50: =$H2*$H$41 -> 37.332 | I50: =$I2*$H$41 -> 0 | J50: =$J2*$I$41 -> 11.19042 | K50: 1
A51: ;fc_lr_gun01, 1, 19.6 - 0 - 6.11 | C51: =$H3*$H$40 -> 29.988 | D51: =$I3*$H$40 -> 0 | E51: =$J3*$I$40 -> 6.11 | F51: 2 | G51: ;fc_lr_gun01, 1, 19.6 - 0 - 6.11 | H51: =$H3*$H$41 -> 36.58536 | I51: =$I3*$H$41 -> 0 | J51: =$J3*$I$41 -> 7.44809 | K51: 2
A52: ;fc_ou_gun01, 1, 126.4 - 0 - 31.6 | C52: =$H4*$H$40 -> 193.392 | D52: =$I4*$H$40 -> 0 | E52: =$J4*$I$40 -> 31.6 | F52: 3 | G52: ;fc_ou_gun01, 1, 126.4 - 0 - 31.6 | H52: =$H4*$H$41 -> 235.93824 | I52: =$I4*$H$41 -> 0 | J52: =$J4*$I$41 -> 38.5204 | K52: 3
A53: ;fc_ou_gun02, 5, 113.8 - 0 - 23.7 | C53: =$H5*$H$40 -> 57.51617 | D53: =$I5*$H$40 -> 0 | E53: =$J5*$I$40 -> 11.989035 | F53: 4 | G53: ;fc_ou_gun02, 5, 113.8 - 0 - 23.7 | H53: =$H5*$H$41 -> 70.169727 | I53: =$I5*$H$41 -> 0 | J53: =$J5*$I$41 -> 14.614633 | K53: 4
A54: ;fc_c_gun01, 5, 121.2 - 0 - 24.24 | C54: =$H6*$H$40 -> 61.256237 | D54: =$I6*$H$40 -> 0 | E54: =$J6*$I$40 -> 12.262203 | F54: 5 | G54: ;fc_c_gun01, 5, 121.2 - 0 - 24.24 | H54: =$H6*$H$41 -> 74.732609 | I54: =$I6*$H$41 -> 0 | J54: =$J6*$I$41 -> 14.947625 | K54: 5
A55: ;fc_c_gun02, 5, 10.1 - 303 - 24.24 | C55: =$H7*$H$40 -> 5.1046864 | D55: =$I7*$H$40 -> 153.14059 | E55: =$J7*$I$40 -> 12.262203 | F55: 6 | G55: ;fc_c_gun02, 5, 10.1 - 303 - 24.24 | H55: =$H7*$H$41 -> 6.2277174 | I55: =$I7*$H$41 -> 186.83152 | J55: =$J7*$I$41 -> 14.947625 | K55: 6
A56: ;fc_or_gun01, 5, 40.4 - 0 - 12.62 | C56: =$H8*$H$40 -> 20.418746 | D56: =$I8*$H$40 -> 0 | E56: =$J8*$I$40 -> 6.3840346 | F56: 7 | G56: ;fc_or_gun01, 5, 40.4 - 0 - 12.62 | H56: =$H8*$H$41 -> 24.91087 | I56: =$I8*$H$41 -> 0 | J56: =$J8*$I$41 -> 7.7821381 | K56: 7
A57: ;fc_or_gun02, 5, 101 - 0 - 20.2 | C57: =$H9*$H$40 -> 51.046864 | D57: =$I9*$H$40 -> 0 | E57: =$J9*$I$40 -> 10.218502 | F57: 8 | G57: ;fc_or_gun02, 5, 101 - 0 - 20.2 | H57: =$H9*$H$41 -> 62.277174 | I57: =$I9*$H$41 -> 0 | J57: =$J9*$I$41 -> 12.456354 | K57: 8
A58: ;gd_gm_gun01, 6, 79.1 - 0 - 19.76 | C58: =$H10*$H$40 -> 30.752528 | D58: =$I10*$H$40 -> 0 | E58: =$J10*$I$40 -> 7.6597096 | F58: 9 | G58: ;gd_gm_gun01, 6, 79.1 - 0 - 19.76 | H58: =$H10*$H$41 -> 37.518084 | I58: =$I10*$H$41 -> 0 | J58: =$J10*$I$41 -> 9.337186 | K58: 9
A59: ;gd_im_gun01, 3, 49.8 - 0 - 14.94 | C59: =$H11*$H$40 -> 40.819672 | D59: =$I11*$H$40 -> 0 | E59: =$J11*$I$40 -> 12.255947 | F59: 10 | G59: ;gd_im_gun01, 3, 49.8 - 0 - 14.94 | H59: =$H11*$H$41 -> 49.8 | I59: =$I11*$H$41 -> 0 | J59: =$J11*$I$41 -> 14.94 | K59: 10
A60: ;gd_bh_gun01, 2, 20.4 - 0 - 7.65 | C60: =$H12*$H$40 -> 20.4 | D60: =$I12*$H$40 -> 0 | E60: =$J12*$I$40 -> 7.65 | F60: 11 | G60: ;gd_bh_gun01, 2, 20.4 - 0 - 7.65 | H60: =$H12*$H$41 -> 24.888 | I60: =$I12*$H$41 -> 0 | J60: =$J12*$I$41 -> 9.32535 | K60: 11
A61: ;gd_bh_gun02, 2, 49 - 0 - 15.3 | C61: =$H13*$H$40 -> 49 | D61: =$I13*$H$40 -> 0 | E61: =$J13*$I$40 -> 15.3 | F61: 12 | G61: ;gd_bh_gun02, 2, 49 - 0 - 15.3 | H61: =$H13*$H$41 -> 59.78 | I61: =$I13*$H$41 -> 0 | J61: =$J13*$I$41 -> 18.6507 | K61: 12
... A84: ;co_gun02, 2, 4.6 - 153 - 9.18 | C84: =$H36*$H$40 -> 14.7 | D84: =$I36*$H$40 -> 153 | E84: =$J36*$I$40 -> 9.18 | F84: 35 | G84: ;co_gun02, 2, 4.6 - 153 - 9.18 | H84: =$H36*$H$41 -> 17.934 | I84: =$I36*$H$41 -> 186.66 | J84: =$J36*$I$41 -> 11.19042 | K84: 35
B89: _mark04 | C89: hull_damage | D89: energy_damage | E89: power_usage | G89: _mark05 | H89: hull_damage | I89: energy_damage | J89: power_usage
A90: ;fc_j_gun01, 2, 30.6 - 0 - 9.18 | B90: 1 | C90: =$H2*$H$42 -> 47.374308 | D90: =$I2*$H$42 -> 0 | E90: =$J2*$I$42 -> 14.210714 | F90: 1 | G90: ;fc_j_gun01, 2, 30.6 - 0 - 9.18 | H90: =$H2*$H$43 -> 60.544366 | I90: =$I2*$H$43 -> 0 | J90: =$J2*$I$43 -> 18.147082 | K90: 1
A91: ;fc_lr_gun01, 1, 19.6 - 0 - 6.11 | B91: 2 | C91: =$H3*$H$42 -> 46.426822 | D91: =$I3*$H$42 -> 0 | E91: =$J3*$I$42 -> 9.4583295 | F91: 2 | G91: ;fc_lr_gun01, 1, 19.6 - 0 - 6.11 | H91: =$H3*$H$43 -> 59.333478 | I91: =$I3*$H$43 -> 0 | J91: =$J3*$I$43 -> 12.078287 | K91: 2
A92: ;fc_ou_gun01, 1, 126.4 - 0 - 31.6 | B92: 3 | C92: =$H4*$H$42 -> 299.40563 | D92: =$I4*$H$42 -> 0 | E92: =$J4*$I$42 -> 48.917056 | F92: 3 | G92: ;fc_ou_gun01, 1, 126.4 - 0 - 31.6 | H92: =$H4*$H$43 -> 382.64039 | I92: =$I4*$H$43 -> 0 | J92: =$J4*$I$43 -> 62.46708 | K92: 3
A93: ;fc_ou_gun02, 5, 113.8 - 0 - 23.7 | B93: 4 | C93: =$H5*$H$42 -> 89.045383 | D93: =$I5*$H$42 -> 0 | E93: =$J5*$I$42 -> 18.559123 | F93: 4 | G93: ;fc_ou_gun02, 5, 113.8 - 0 - 23.7 | H93: =$H5*$H$43 -> 113.8 | I93: =$I5*$H$43 -> 0 | J93: =$J5*$I$43 -> 23.7 | K93: 4
A94: ;fc_c_gun01, 5, 121.2 - 0 - 24.24 | B94: 5 | C94: =$H6*$H$42 -> 94.835681 | D94: =$I6*$H$42 -> 0 | E94: =$J6*$I$42 -> 18.981989 | F94: 5 | G94: ;fc_c_gun01, 5, 121.2 - 0 - 24.24 | H94: =$H6*$H$43 -> 121.2 | I94: =$I6*$H$43 -> 0 | J94: =$J6*$I$43 -> 24.24 | K94: 5
A95: ;fc_c_gun02, 5, 10.1 - 303 - 24.24 | B95: 6 | C95: =$H7*$H$42 -> 7.9029734 | D95: =$I7*$H$42 -> 237.0892 | E95: =$J7*$I$42 -> 18.981989 | F95: 6 | G95: ;fc_c_gun02, 5, 10.1 - 303 - 24.24 | H95: =$H7*$H$43 -> 10.1 | I95: =$I7*$H$43 -> 303 | J95: =$J7*$I$43 -> 24.24 | K95: 6
A96: ;fc_or_gun01, 5, 40.4 - 0 - 12.62 | B96: 7 | C96: =$H8*$H$42 -> 31.611894 | D96: =$I8*$H$42 -> 0 | E96: =$J8*$I$42 -> 9.8825372 | F96: 7 | G96: ;fc_or_gun01, 5, 40.4 - 0 - 12.62 | H96: =$H8*$H$43 -> 40.4 | I96: =$I8*$H$43 -> 0 | J96: =$J8*$I$43 -> 12.62 | K96: 7
A97: ;fc_or_gun02, 5, 101 - 0 - 20.2 | B97: 8 | C97: =$H9*$H$42 -> 79.029734 | D97: =$I9*$H$42 -> 0 | E97: =$J9*$I$42 -> 15.818324 | F97: 8 | G97: ;fc_or_gun02, 5, 101 - 0 - 20.2 | H97: =$H9*$H$43 -> 101 | I97: =$I9*$H$43 -> 0 | J97: =$J9*$I$43 -> 20.2 | K97: 8
A98: ;gd_gm_gun01, 6, 79.1 - 0 - 19.76 | B98: 9 | C98: =$H10*$H$42 -> 47.610449 | D98: =$I10*$H$42 -> 0 | E98: =$J10*$I$42 -> 11.857292 | F98: 9 | G98: ;gd_gm_gun01, 6, 79.1 - 0 - 19.76 | H98: =$H10*$H$43 -> 60.846154 | I98: =$I10*$H$43 -> 0 | J98: =$J10*$I$43 -> 15.141762 | K98: 9
A99: ;gd_im_gun01, 3, 49.8 - 0 - 14.94 | B99: 10 | C99: =$H11*$H$42 -> 63.1962 | D99: =$I11*$H$42 -> 0 | E99: =$J11*$I$42 -> 18.972306 | F99: 10 | G99: ;gd_im_gun01, 3, 49.8 - 0 - 14.94 | H99: =$H11*$H$43 -> 80.764744 | I99: =$I11*$H$43 -> 0 | J99: =$J11*$I$43 -> 24.227635 | K99: 10
A100: ;gd_bh_gun01, 2, 20.4 - 0 - 7.65 | B100: 11 | C100: =$H12*$H$42 -> 31.582872 | D100: =$I12*$H$42 -> 0 | E100: =$J12*$I$42 -> 11.842262 | F100: 11 | G100: ;gd_bh_gun01, 2, 20.4 - 0 - 7.65 | H100: =$H12*$H$43 -> 40.36291 | I100: =$I12*$H$43 -> 0 | J100: =$J12*$I$43 -> 15.122569 | K100: 11
A101: ;gd_bh_gun02, 2, 49 - 0 - 15.3 | B101: 12 | C101: =$H13*$H$42 -> 75.86082 | D101: =$I13*$H$42 -> 0 | E101: =$J13*$I$42 -> 23.684524 | F101: 12 | G101: ;gd_bh_gun02, 2, 49 - 0 - 15.3 | H101: =$H13*$H$43 -> 96.950128 | I101: =$I13*$H$43 -> 0 | J101: =$J13*$I$43 -> 30.245137 | K101: 12
... A124: ;co_gun02, 2, 4.6 - 153 - 9.18 | B124: 35 | C124: =$H36*$H$42 -> 22.758246 | D124: =$I36*$H$42 -> 236.87154 | E124: =$J36*$I$42 -> 14.210714 | F124: 35 | G124: ;co_gun02, 2, 4.6 - 153 - 9.18 | H124: =$H36*$H$43 -> 29.085038 | I124: =$I36*$H$43 -> 302.72183 | J124: =$J36*$I$43 -> 18.147082 | K124: 35
B129: _mark06 | C129: hull_damage | D129: energy_damage | E129: power_usage
A130: ;fc_j_gun01, 2, 30.6 - 0 - 9.18 | B130: 1 | C130: =$H2*$H$44 -> 78.707675 | D130: =$I2*$H$44 -> 0 | E130: =$J2*$I$44 -> 23.681942 | F130: 1
A131: ;fc_lr_gun01, 1, 19.6 - 0 - 6.11 | B131: 2 | C131: =$H3*$H$44 -> 77.133522 | D131: =$I3*$H$44 -> 0 | E131: =$J3*$I$44 -> 15.762164 | F131: 2
A132: ;fc_ou_gun01, 1, 126.4 - 0 - 31.6 | B132: 3 | C132: =$H4*$H$44 -> 497.43251 | D132: =$I4*$H$44 -> 0 | E132: =$J4*$I$44 -> 81.51954 | F132: 3
A133: ;fc_ou_gun02, 5, 113.8 - 0 - 23.7 | B133: 4 | C133: =$H5*$H$44 -> 147.94 | D133: =$I5*$H$44 -> 0 | E133: =$J5*$I$44 -> 30.9285 | F133: 4
A134: ;fc_c_gun01, 5, 121.2 - 0 - 24.24 | B134: 5 | C134: =$H6*$H$44 -> 157.56 | D134: =$I6*$H$44 -> 0 | E134: =$J6*$I$44 -> 31.6332 | F134: 5
A135: ;fc_c_gun02, 5, 10.1 - 303 - 24.24 | B135: 6 | C135: =$H7*$H$44 -> 13.13 | D135: =$I7*$H$44 -> 393.9 | E135: =$J7*$I$44 -> 31.6332 | F135: 6
A136: ;fc_or_gun01, 5, 40.4 - 0 - 12.62 | B136: 7 | C136: =$H8*$H$44 -> 52.52 | D136: =$I8*$H$44 -> 0 | E136: =$J8*$I$44 -> 16.4691 | F136: 7
A137: ;fc_or_gun02, 5, 101 - 0 - 20.2 | B137: 8 | C137: =$H9*$H$44 -> 131.3 | D137: =$I9*$H$44 -> 0 | E137: =$J9*$I$44 -> 26.361 | F137: 8
A138: ;gd_gm_gun01, 6, 79.1 - 0 - 19.76 | B138: 9 | C138: =$H10*$H$44 -> 79.1 | D138: =$I10*$H$44 -> 0 | E138: =$J10*$I$44 -> 19.76 | F138: 9
A139: ;gd_im_gun01, 3, 49.8 - 0 - 14.94 | B139: 10 | C139: =$H11*$H$44 -> 104.99417 | D139: =$I11*$H$44 -> 0 | E139: =$J11*$I$44 -> 31.617063 | F139: 10
A140: ;gd_bh_gun01, 2, 20.4 - 0 - 7.65 | B140: 11 | C140: =$H12*$H$44 -> 52.471784 | D140: =$I12*$H$44 -> 0 | E140: =$J12*$I$44 -> 19.734952 | F140: 11
A141: ;gd_bh_gun02, 2, 49 - 0 - 15.3 | B141: 12 | C141: =$H13*$H$44 -> 126.03517 | D141: =$I13*$H$44 -> 0 | E141: =$J13*$I$44 -> 39.469904 | F141: 12
... A164: ;co_gun02, 2, 4.6 - 153 - 9.18 | B164: 35 | C164: =$H36*$H$44 -> 37.81055 | D164: =$I36*$H$44 -> 393.53838 | E164: =$J36*$I$44 -> 23.681942 | F164: 35

Sheet Лист2
A1: Name\Class: | B1: 1 | C1: 2 | D1: 3 | E1: 4 | F1: 5 | G1: 6 | I1: 7
A2: Hull Damage | B2: =Лист1!H15 -> 13.345585 | C2: =B2*Лист1!H40 -> 20.418746 | D2: =$B$2*Лист1!$H41 -> 24.91087 | E2: =$B$2*Лист1!$H42 -> 31.611894 | F2: =$B$2*Лист1!$H43 -> 40.4 | G2: =$B$2*Лист1!$H44 -> 52.52 | I2: =$B$2*Лист1!$H45 -> 69.3264
A3: Shield Damage | B3: =Лист1!I15 -> 0 | C3: =B3*Лист1!H40 -> 0 | D3: =$B$3*Лист1!$H41 -> 0 | E3: =$B$3*Лист1!$H42 -> 0 | F3: =$B$3*Лист1!$H43 -> 0 | G3: =$B$3*Лист1!$H44 -> 0 | I3: =$B$3*Лист1!$H45 -> 0
A4: Energy usage | B4: =Лист1!J15 -> 5.1072276 | C4: =B4*Лист1!I40 -> 6.3840346 | D4: =$B$4*Лист1!I41 -> 7.7821381 | E4: =$B$4*Лист1!I42 -> 9.8825372 | F4: =$B$4*Лист1!I43 -> 12.62 | G4: =$B$4*Лист1!I44 -> 16.4691 | I4: =$B$4*Лист1!K45 -> 0
A6: rh_gun01
B13: Lib | C13: Bret | D13: Kus | E13: Rh | F13: Pir | G13: Bw | H13: Cors | I13: Civ | J13: Bhunter | L13: Lvl6 | M13: Lib | N13: Bret | O13: Kus | P13: Rh | Q13: Pir | R13: Bw | S13: Cors | T13: Civ | U13: Bhunter | W13: Order | X13: Nomads
A14: Armor:
A16: Light | B16: 1300 | C16: 2100 | D16: 2800 | E16: 4500 | F16: 1900 | G16: 1800 | H16: 2400 | I16: 3300 | J16: 1800 | M16: =B16*$N$34 -> 2860 | N16: =$N$31*C16 -> 2940 | O16: =D16*N29 -> 2800 | P16: =E16*N26 -> 2700 | Q16: =F16*$N$32 -> 3040 | R16: =G16*N32 -> 2880 | S16: =H16*N30 -> 2880 | T16: =I16*N28 -> 2970 | U16: =J16*N32 -> 2880 | W16: 1 | X16: 1
A17: Heavy | B17: 1600 | C17: 2600 | D17: 3600 | E17: 5800 | F17: 3600 | G17: 4900 | H17: 9200 | I17: 6200 | J17: 3600 | M17: =B17*$N$37 -> 5600 | N17: =$N$34*C17 -> 5720 | O17: =D17*N32 -> 5760 | P17: =E17 -> 5800 | Q17: =F17*$N$32 -> 5760 | R17: =G17*N30 -> 5880 | S17: =H17*N26 -> 5520 | T17: =I17*N28 -> 5580 | U17: =J17*N32 -> 5760 | W17: 4200 | X17: 4000
A18: Vheavy | B18: 1 | C18: 1 | D18: 1 | E18: 1 | F18: 1 | G18: 10800 | H18: 12600 | I18: 9900 | J18: 7900 | M18: =M17*$N$33 -> 10640 | N18: =N17*$N$33 -> 10868 | O18: =O17*$N$33 -> 10944 | P18: =P17*$N$33 -> 11020 | Q18: =Q17*$N$33 -> 10944 | R18: =G18*N29 -> 10800 | S18: =H18*N28 -> 11340 | T18: =I18*N29 -> 9900 | U18: =J18*N30 -> 9480 | W18: 1 | X18: 1
A19: Freighter | B19: 1600 | C19: 2200 | D19: 3600 | E19: 5800 | F19: 2200 | G19: 3600 | H19: 1 | I19: 1 | J19: 1 | M19: =B19*$N$40 -> 8960 | N19: =$N$38*C19 -> 9020 | O19: =D19*$N$35 -> 9360 | P19: =E19*N32 -> 9280 | Q19: =F19*$N$38 -> 9020 | R19: =G19*N35 -> 9360 | S19: =Q19 -> 9020 | T19: =N19 -> 9020 | U19: =M19 -> 8960 | W19: 1 | X19: 1
A21: Cargo:
A23: Light | B23: 25 | C23: 30 | D23: 35 | E23: 45 | F23: 35 | G23: 35 | H23: 35 | I23: 45 | J23: 35 | L23: Armor Updates: | W23: Order | X23: Nomads
A24: Heavy | B24: 30 | C24: 35 | D24: 40 | E24: 50 | F24: 40 | G24: 45 | H24: 45 | I24: 60 | J24: 45 | L24: -5 | N24: 0.25
A25: Vheavy | B25: 0 | C25: 0 | D25: 0 | E25: 0 | F25: 0 | G25: 70 | H25: 70 | I25: 70 | J25: 70 | L25: -4 | N25: 0.5
A26: Freighter | B26: 80 | C26: 125 | D26: 175 | E26: 250 | F26: 90 | G26: 275 | H26: 0 | I26: 0 | J26: 0 | L26: -3 | N26: 0.6 | W26: =W27*N25 -> 2940 | X26: =X27*N25 -> 2400
L27: -2 | N27: 0.7 | W27: =W17*N31 -> 5880 | X27: =X17*N30 -> 4800
A28: Nano\Shield | L28: -1 | N28: 0.9 | W28: =W27*N33 -> 11172 | X28: =X27*N33 -> 9120
L29: 0 | N29: 1 | W29: 1 | X29: 1
A30: Light | B30: 12 | C30: 15 | D30: 23 | E30: 33 | F30: 14 | G30: 15 | H30: 20 | I30: 26 | J30: 15 | L30: 1 | N30: 1.2 | P30: 1.3
A31: Heavy | B31: 14 | C31: 20 | D31: 26 | E31: 38 | F31: 26 | G31: 33 | H31: 55 | I31: 43 | J31: 26 | L31: 2 | N31: 1.4
A32: Vheavy | B32: 0 | C32: 0 | D32: 0 | E32: 0 | F32: 0 | G32: 63 | H32: 71 | I32: 63 | J32: 49 | L32: 3 | N32: 1.6
A33: Freighter | B33: 12 | C33: 15 | D33: 23 | E33: 33 | F33: 15 | G33: 23 | H33: 0 | I33: 0 | J33: 0 | L33: 4 | N33: 1.9
L34: 5 | N34: 2.2
A35: Weapon max Class | L35: 6 | N35: 2.6
L36: 7 | N36: 3
A37: Light | B37: 3 | C37: 4 | D37: 6 | E37: 7 | F37: 4 | G37: 4 | H37: 5 | I37: 6 | J37: 4 | L37: 8 | N37: 3.5
A38: Heavy | B38: 4 | C38: 5 | D38: 6 | E38: 8 | F38: 6 | G38: 7 | H38: 9 | I38: 8 | J38: 6 | L38: 9 | N38: 4.1
A39: Vheavy | B39: 0 | C39: 0 | D39: 0 | E39: 0 | F39: 0 | G39: 10 | H39: 10 | I39: 10 | J39: 9 | L39: 10 | N39: 4.8
A40: Freighter | B40: 3 | C40: 4 | D40: 6 | E40: 7 | F40: 4 | G40: 6 | H40: 0 | I40: 0 | J40: 0 | L40: 11 | N40: 5.6
L41: 12 | N41: 6.6
A42: Then: | L42: 13 | N42: 7.7
A43: Power generators | B43: Lib | C43: Bret | D43: Kus | E43: Rh | F43: Pir | G43: Bw | H43: Cors | I43: Civ | J43: Bhunter | K43: Order | L43: 14
A44: capacity | L44: 15
L45: 16
A46: Light | B46: 1300 | C46: 2100 | D46: 2900 | E46: 4700 | F46: 1500 | G46: 1800 | H46: 2500 | I46: 3400 | J46: 1800 | K46: 1 | L46: 17 | N46: 14.4
A47: Heavy | B47: 1500 | C47: 2500 | D47: 3400 | E47: 5400 | F47: 3400 | G47: 4700 | H47: 8900 | I47: 6400 | J47: 3400 | K47: 4000 | L47: 18
A48: Vheavy | B48: 1 | C48: 1 | D48: 1 | E48: 1 | F48: 1 | G48: 10400 | H48: 11900 | I48: 10400 | J48: 7400 | K48: 1 | L48: 19
A49: Freighter | B49: 1300 | C49: 1800 | D49: 2700 | E49: 4700 | F49: 1800 | G49: 2900 | H49: 1 | I49: 1 | J49: 1 | K49: 1 | L49: 20
L50: 21 | N50: 27
B51: Lib | C51: Bret | D51: Kus | E51: Rh | F51: Pir | G51: Bw | H51: Cors | I51: Civ | J51: Bhunter | K51: Order
A52: charge_rate
A54: Light | B54: 126 | C54: 213 | D54: 290 | E54: 465 | F54: 157 | G54: 183 | H54: 248 | I54: 345 | J54: 183 | K54: 1
A55: Heavy | B55: 157 | C55: 248 | D55: 345 | E55: 545 | F55: 345 | G55: 465 | H55: 890 | I55: 645 | J55: 345 | K55: 395
A56: Vheavy | B56: 1 | C56: 1 | D56: 1 | E56: 1 | F56: 1 | G56: 1040 | H56: 1190 | I56: 1040 | J56: 750 | K56: 1
A57: Freighter | B57: 126 | C57: 183 | D57: 265 | E57: 465 | F57: 187 | G57: 290 | H57: 1 | I57: 1 | J57: 1 | K57: 1
A59: Now:
A60: Power generators | B60: Lib | C60: Bret | D60: Kus | E60: Rh | F60: Pir | G60: Bw | H60: Cors | I60: Civ | J60: Bhunter | K60: Order
A61: capacity
A63: Light | B63: =B46*(M16/B16) -> 2860 | C63: =C46*(N16/C16) -> 2940 | D63: =D46*(O16/D16) -> 2900 | E63: =E46*(P16/E16) -> 2820 | F63: =F46*(Q16/F16) -> 2400 | G63: =G46*(R16/G16) -> 2880 | H63: =H46*(S16/H16) -> 3000 | I63: =I46*(T16/I16) -> 3060 | J63: =J46*(U16/J16) -> 2880 | K63: =K64*N25 -> 2800
A64: Heavy | B64: =B47*(M17/B17) -> 5250 | C64: =C47*(N17/C17) -> 5500 | D64: =D47*(O17/D17) -> 5440 | E64: =E47*(P17/E17) -> 5400 | F64: =F47*(Q17/F17) -> 5440 | G64: =G47*(R17/G17) -> 5640 | H64: =H47*(S17/H17) -> 5340 | I64: =I47*(T17/I17) -> 5760 | J64: =J47*(U17/J17) -> 5440 | K64: =K47*(W27/W17) -> 5600
A65: Vheavy | B65: =B48*(M18/B18) -> 10640 | C65: =C48*(N18/C18) -> 10868 | D65: =D48*(O18/D18) -> 10944 | E65: =E48*(P18/E18) -> 11020 | F65: =F48*(Q18/F18) -> 10944 | G65: =G48*(R18/G18) -> 10400 | H65: =H48*(S18/H18) -> 10710 | I65: =I48*(T18/I18) -> 10400 | J65: =J48*(U18/J18) -> 8880 | K65: =K64*$N$33 -> 10640
A66: Freighter | B66: =B49*(M19/B19) -> 7280 | C66: =C49*(N19/C19) -> 7380 | D66: =D49*(O19/D19) -> 7020 | E66: =E49*(P19/E19) -> 7520 | F66: =F49*(Q19/F19) -> 7380 | G66: =G49*(R19/G19) -> 7540 | H66: =H49*(S19/H19) -> 9020 | I66: =I49*(T19/I19) -> 9020 | J66: =J49*(U19/J19) -> 8960
B68: Lib | C68: Bret | D68: Kus | E68: Rh | F68: Pir | G68: Bw | H68: Cors | I68: Civ | J68: Bhunter | K68: Order
A69: charge_rate
A71: Light | B71: =0.1*B63 -> 286 | C71: =0.1*C63 -> 294 | D71: =0.1*D63 -> 290 | E71: =0.1*E63 -> 282 | F71: =0.1*F63 -> 240 | G71: =0.1*G63 -> 288 | H71: =0.1*H63 -> 300 | I71: =0.1*I63 -> 306 | ... K71: =0.1*K63 -> 280
A72: Heavy | B72: =0.1*B64 -> 525 | C72: =0.1*C64 -> 550 | D72: =0.1*D64 -> 544 | E72: =0.1*E64 -> 540 | F72: =0.1*F64 -> 544 | G72: =0.1*G64 -> 564 | H72: =0.1*H64 -> 534 | I72: =0.1*I64 -> 576 | ... K72: =0.1*K64 -> 560
A73: Vheavy | B73: =0.1*B65 -> 1064 | C73: =0.1*C65 -> 1086.8 | D73: =0.1*D65 -> 1094.4 | E73: =0.1*E65 -> 1102 | F73: =0.1*F65 -> 1094.4 | G73: =0.1*G65 -> 1040 | H73: =0.1*H65 -> 1071 | I73: =0.1*I65 -> 1040 | ... K73: =0.1*K65 -> 1064
A74: Freighter | B74: =0.1*B66 -> 728 | C74: =0.1*C66 -> 738 | D74: =0.1*D66 -> 702 | E74: =0.1*E66 -> 752 | F74: =0.1*F66 -> 738 | G74: =0.1*G66 -> 754 | H74: =0.1*H66 -> 902 | I74: =0.1*I66 -> 902 | ... K74: =0.1*K66 -> 0
A76: Capital ships (van) | B76: Lib | C76: Bret | D76: Kus | E76: Rh | F76: Pir | G76: Bw | H76: Cors | I76: Civ | J76: Bhunter | K76: Order
A77: Armor:
A79: Gunship | B79: 3500 | C79: 3500 | D79: 3500 | E79: 3500 | F79: 3500 | G79: 3500 | H79: 3500 | I79: 3500 | J79: 3500 | K79: 3500
A80: Gunboat | B80: 3500 | C80: 3500 | D80: 3500 | E80: 3500 | F80: 3500 | G80: 3500 | H80: 3500 | I80: 3500 | J80: 3500 | K80: 3500
A81: Destroyer | B81: 43300 | C81: 43300 | D81: 43300 | E81: 43300 | F81: 43300 | G81: 43300 | H81: 43300 | I81: 43300 | J81: 43300 | K81: 43300
A82: Cruiser | B82: 43300 | C82: 43300 | D82: 43300 | E82: 43300 | F82: 43300 | G82: 43300 | H82: 43300 | I82: 43300 | J82: 43300 | K82: 43300
A83: Battlecruiser | B83: 43300 | C83: 43300 | D83: 43300 | E83: 43300 | F83: 43300 | G83: 43300 | H83: 43300 | I83: 43300 | J83: 43300 | K83: 43300
A84: Battleship (light) | B84: 69300 | C84: 69300 | D84: 69300 | E84: 69300 | F84: 69300 | G84: 69300 | H84: 69300 | I84: 69300 | J84: 69300 | K84: 69300
A85: Dreadnouth | B85: 69300 | C85: 69300 | D85: 69300 | E85: 69300 | F85: 69300 | G85: 69300 | H85: 69300 | I85: 69300 | J85: 69300 | K85: 69300
A87: Capital ships (new) | B87: Lib | C87: Bret | D87: Kus | E87: Rh | F87: Pir | G87: Bw | H87: Cors | I87: Civ | J87: Bhunter | K87: Order
A88: Armor:
A90: Gunship | B90: =B79*$N$40 -> 19600 | C90: =C79*$N$40 -> 19600 | D90: =D79*$N$40 -> 19600 | E90: =E79*$N$40 -> 19600 | F90: =F79*$N$40 -> 19600 | G90: =G79*$N$40 -> 19600 | H90: =H79*$N$40 -> 19600 | I90: =I79*$N$40 -> 19600 | ... K90: =K79*$N$40 -> 19600
A91: Gunboat | B91: =B90*$N$30 -> 23520 | C91: =C90*$N$30 -> 23520 | D91: =D90*$N$30 -> 23520 | E91: =E90*$N$30 -> 23520 | F91: =F90*$N$30 -> 23520 | G91: =G90*$N$30 -> 23520 | H91: =H90*$N$30 -> 23520 | I91: =I90*$N$30 -> 23520 | ... K91: =K90*$N$30 -> 23520
A92: Destroyer | B92: =B91*$N$31 -> 32928 | C92: =C91*$N$31 -> 32928 | D92: =D91*$N$31 -> 32928 | E92: =E91*$N$31 -> 32928 | F92: =F91*$N$31 -> 32928 | G92: =G91*$N$31 -> 32928 | H92: =H91*$N$31 -> 32928 | I92: =I91*$N$31 -> 32928 | ... K92: =K91*$N$31 -> 32928
A93: Cruiser | B93: =B92*$N$30 -> 39513.6 | C93: =C92*$N$30 -> 39513.6 | D93: =D92*$N$30 -> 39513.6 | E93: =E92*$N$30 -> 39513.6 | F93: =F92*$N$30 -> 39513.6 | G93: =G92*$N$30 -> 39513.6 | H93: =H92*$N$30 -> 39513.6 | I93: =I92*$N$30 -> 39513.6 | ... K93: =K92*$N$30 -> 39513.6
A94: Battlecruiser | B94: =B93*$N$32 -> 63221.76 | C94: =C93*$N$32 -> 63221.76 | D94: =D93*$N$32 -> 63221.76 | E94: =E93*$N$32 -> 63221.76 | F94: =F93*$N$32 -> 63221.76 | G94: =G93*$N$32 -> 63221.76 | H94: =H93*$N$32 -> 63221.76 | I94: =I93*$N$32 -> 63221.76 | ... K94: =K93*$N$32 -> 63221.76
A95: Battleship (light) | B95: =B94*$N$34 -> 139087.87 | C95: =C94*$N$34 -> 139087.87 | D95: =D94*$N$34 -> 139087.87 | E95: =E94*$N$34 -> 139087.87 | F95: =F94*$N$34 -> 139087.87 | G95: =G94*$N$34 -> 139087.87 | H95: =H94*$N$34 -> 139087.87 | I95: =I94*$N$34 -> 139087.87 | ... K95: =K94*$N$34 -> 139087.87
A96: Dreadnouth | B96: =B95*$N$33 -> 264266.96 | C96: =C95*$N$33 -> 264266.96 | D96: =D95*$N$33 -> 264266.96 | E96: =E95*$N$33 -> 264266.96 | F96: =F95*$N$33 -> 264266.96 | G96: =G95*$N$33 -> 264266.96 | H96: =H95*$N$33 -> 264266.96 | I96: =I95*$N$33 -> 264266.96 | ... K96: =K95*$N$33 -> 264266.96
A98: Capital ships (Standard) | B98: Standard | D98: MSN_Armor
A99: Armor:
A101: Gunship | B101: 19500 | D101: =B79/B101 -> 0.17948718 | G101: Arm. Transport
A102: Gunboat | B102: 23500 | D102: =B80/B102 -> 0.14893617 | G102: Transport
A103: Destroyer | B103: 33000 | D103: =B81/B103 -> 1.3121212 | G103: Large Transport
A104: Cruiser | B104: 40000 | D104: =B82/B104 -> 1.0825 | G104: Train
A105: Battlecruiser | B105: 65000 | D105: =B83/B105 -> 0.66615385 | G105: Large Train
A106: Battleship (light) | B106: 140000 | D106: =B84/B106 -> 0.495 | G106: Adv. Train
A107: Dreadnouth | B107: 230000 | D107: =B85/B107 -> 0.30130435 | G107: Miner
G108: Liner
G109: Prison
G111: Repair
G112: Platform

Sheet Лист3
A1: Starlancer weapons | B1: Range | C1: Shield Damage | D1: Hull damage | E1: Speed | F1: Rounds\sec | G1: Power (per shot)
A3: Collapser guns | B3: 200 | C3: 25 | D3: 25 | E3: 1400 | F3: 6 | G3: 0
A4: Gatling plasma cannon | B4: 200 | C4: 10 | D4: 7 | E4: 1200 | F4: 5 | G4: 0
A5: Gattling lasers | B5: 140 | C5: 8.5 | D5: 6 | E5: 1800 | F5: 10 | G5: 2
A6: Laser cannon | B6: 200 | C6: 8 | D6: 8 | E6: 1600 | F6: 5.5 | G6: 2
A7: Meson blaster | B7: 150 | C7: 9 | D7: 9 | E7: 1300 | F7: 8 | G7: 2
A8: Neutron particle gun | B8: 200 | C8: 35 | D8: 30 | E8: 1300 | F8: 2 | G8: 15
A9: Nova cannon | B9: 200 | C9: 400 | D9: 400 | E9: 2000 | F9: 1 | G9: 0
A10: Proton cannon | B10: 200 | C10: 12 | D10: 11 | E10: 1500 | F10: 6 | G10: 3
A11: Pulse cannon | B11: 300 | C11: 8 | D11: 8 | E11: 1400 | F11: 8 | G11: 3
A12: Tachyon cannon | B12: 400 | C12: 20 | D12: 15 | E12: 1400 | F12: 5 | G12: 5
A13: Vulcan battery | B13: 300 | C13: 30 | D13: 35 | E13: 1700 | F13: 2 | G13: 0
A14: Flak gun | B14: 170 | C14: 15 | D14: 10 | E14: 2000 | F14: 7 | G14: 0
... A16: Main gun | B16: 2000 | C16: 1000 | D16: 1000 | E16: 1200 | F16: 1 | G16: 0
A19: Adapted for Freelancer | B19: lifetime | C19: energy_damage | D19: hull_damage | E19: muzzle_velocity | F19: refire_delay | G19: power_usage
A20: star_gun_collapser | B20: =$B$38*(B3/E3) -> 1.4285714 | E20: =0.5*E3 -> 700 | F20: =1/F3 -> 0.16666667
A21: star_gun_gatplas | B21: =$B$38*(B4/E4) -> 1.6666667 | E21: =0.5*E4 -> 600 | F21: =1/F4 -> 0.2
A22: star_gun_gatlas | B22: =$B$38*(B5/E5) -> 0.77777778 | E22: =0.5*E5 -> 900 | F22: =1/F5 -> 0.1
A23: star_gun_laser | B23: =$B$38*(B6/E6) -> 1.25 | E23: =0.5*E6 -> 800 | F23: =1/F6 -> 0.18181818
A24: star_gun_mesbla | B24: =$B$38*(B7/E7) -> 1.1538462 | E24: =0.5*E7 -> 650 | F24: =1/F7 -> 0.125
A25: star_gun_neupart | B25: =$B$38*(B8/E8) -> 1.5384615 | E25: =0.5*E8 -> 650 | F25: =1/F8 -> 0.5
A26: star_gun_ion | B26: =$B$38*(B9/E9) -> 1 | E26: =0.5*E9 -> 1000 | F26: =1/F9 -> 1
A27: star_gun_proton | B27: =$B$38*(B10/E10) -> 1.3333333 | E27: =0.5*E10 -> 750 | F27: =1/F10 -> 0.16666667
A28: star_gun_pulse | B28: =$B$38*(B11/E11) -> 2.1428571 | E28: =0.5*E11 -> 700 | F28: =1/F11 -> 0.125
A29: star_gun_tachyon | B29: =$B$38*(B12/E12) -> 2.8571429 | E29: =0.5*E12 -> 700 | F29: =1/F12 -> 0.2
A30: star_gun_vulcanbat | B30: =$B$38*(B13/E13) -> 1.7647059 | E30: =0.5*E13 -> 850 | F30: =1/F13 -> 0.5
A32: Star_CoalTurBig_01
A33: Star_CoalTur1_01
A34: Star_CoalCapGun_01
A37: Coefficients | B37: lifetime | C37: energy_damage | D37: hull_damage | E37: muzzle_velocity | F37: refire_delay | G37: power_usage
B38: 10 | C38: 1 | D38: 1 | E38: =500/1400 -> 0.35714286 | F38: =1/36 -> 0.027777778 | G38: 1
A41: Freelancer\Starlancer range | B41: =2000/1000 -> 2

Sheet Лист4
A1: hull_damage = | B1: Barrels: | E1: refire_delay = | F1: lifetime =
B2: 1 | C2: 2 | D2: 3 | G2: 4
A3: gunboat_turret01 | B3: 108 | C3: =B3*0.5 -> 54 | D3: =B3/3 -> 36 | E3: 0.5 | G3: =B3/4 -> 27
A4: gunboat_turret02 | B4: 12 | C4: =B4*0.5 -> 6 | D4: =B4/3 -> 4 | E4: 0.1 | G4: =B4/4 -> 3
B5: 1 | C5: 2 | D5: 3 | G5: 4
A6: destroyer_turret01 | B6: =B11/2 -> 600 | C6: =B6*0.5 -> 300 | D6: =B6/3 -> 200 | E6: 2 | G6: =B6/4 -> 150
A7: destroyer_turret02 | B7: =B12/2 -> 120 | C7: =B7*0.5 -> 60 | D7: =B7/3 -> 40 | E7: 0.5 | G7: =B7/4 -> 30
A8: destroyer_turret03 | B8: =B13/2 -> 30 | C8: =B8*0.5 -> 15 | D8: =B8/3 -> 10 | E8: 0.5 | G8: =B8/4 -> 7.5
A9: destroyer_turret04 | B9: =B14/2 -> 15 | C9: =B9*0.5 -> 7.5 | D9: =B9/3 -> 5 | E9: 0.1 | G9: =B9/4 -> 3.75
B10: 1 | C10: 2 | D10: 3 | G10: 4
A11: battleship_turret01 | B11: 1200 | C11: =B11*0.5 -> 600 | D11: =B11/3 -> 400 | E11: 2 | G11: =B11/4 -> 300
A12: battleship_turret02 | B12: 240 | C12: =B12*0.5 -> 120 | D12: =B12/3 -> 80 | E12: 0.5 | G12: =B12/4 -> 60
A13: battleship_turret03 | B13: 60 | C13: =B13*0.5 -> 30 | D13: =B13/3 -> 20 | E13: 0.5 | G13: =B13/4 -> 15
A14: battleship_turret04 | B14: 30 | C14: =B14*0.5 -> 15 | D14: =B14/3 -> 10 | E14: 0.1 | G14: =B14/4 -> 7.5
B15: 1 | C15: 2 | D15: 3 | G15: 4
A16: gunboat_gun01 | B16: 1260 | C16: =B16/2 -> 630 | D16: =B16/3 -> 420 | E16: 2 | G16: =B16/4 -> 315
A17: cruiser_gun01 | B17: 1500 | C17: =B17/2 -> 750 | D17: =B17/3 -> 500 | E17: 2 | G17: =B17/4 -> 375
A18: battleship_gun01 | B18: 4800 | C18: =B18/2 -> 2400 | D18: =B18/3 -> 1600 | E18: 4 | G18: =B18/4 -> 1200
